{
  "base_model": "microsoft/deberta-v3-small",
  "train_questions": 3000,
  "validation": {
    "accuracy": 0.5331621737270005,
    "source_accuracy": {
      "allenai/ai2_arc/ARC-Challenge": 0.31958762886597936,
      "allenai/ai2_arc/ARC-Easy": 0.5641025641025641,
      "allenai/openbookqa/main": 0.408,
      "allenai/sciq": 0.641
    }
  },
  "test": {
    "accuracy": 0.5150651465798045,
    "source_accuracy": {
      "allenai/ai2_arc/ARC-Challenge": 0.31905594405594406,
      "allenai/ai2_arc/ARC-Easy": 0.548941798941799,
      "allenai/openbookqa/main": 0.456,
      "allenai/sciq": 0.692
    }
  }
}